appid,game_name,filename,status,source_title,source_url,match_score,extract_chars,extract_words
1147860,UFO 50,1147860_UFO 50.txt,existing,UFO 50,,,57448,9964
1091500,Cyberpunk 2077,1091500_Cyberpunk 2077.txt,existing,Cyberpunk 2077,,,53684,8450
2322010,God of War Ragnarök,2322010_God of War Ragnarök.txt,ok,God of War Ragnarök,https://en.wikipedia.org/wiki/God_of_War_Ragnar%C3%B6k,8.00,49887,8267
1284210,Guild Wars 2,1284210_Guild Wars 2.txt,existing,Guild Wars 2,,,46134,7666
1151340,Fallout 76,1151340_Fallout 76.txt,existing,Fallout 76,,,45248,7371
1222690,Dragon Age Inquisition,1222690_Dragon Age Inquisition.txt,existing,Dragon Age: Inquisition,,,44858,7123
975370,Dwarf Fortress,975370_Dwarf Fortress.txt,ok,Dwarf Fortress,https://en.wikipedia.org/wiki/Dwarf_Fortress,8.00,42657,6962
2208920,Assassin's Creed Valhalla,2208920_Assassin's Creed Valhalla.txt,ok,Assassin's Creed Valhalla,https://en.wikipedia.org/wiki/Assassin%27s_Creed_Valhalla,8.00,42593,6853
1237970,Titanfall 2,1237970_Titanfall 2.txt,existing,Titanfall 2,,,40825,6499
2668510,Red Dead Redemption,2668510_Red Dead Redemption.txt,ok,Red Dead Redemption,https://en.wikipedia.org/wiki/Red_Dead_Redemption,8.00,40269,6250
2653790,The Exit 8,2653790_The Exit 8.txt,ok,The Exit 8,https://en.wikipedia.org/wiki/The_Exit_8,8.00,39853,6701
1086940,Baldur's Gate 3,1086940_Baldur's Gate 3.txt,existing,Baldur's Gate 3,,,39227,6115
1238840,Battlefield 1,1238840_Battlefield 1.txt,existing,Battlefield 1,,,37354,6164
2050650,Resident Evil 4,2050650_Resident Evil 4.txt,ok,Resident Evil 4,https://en.wikipedia.org/wiki/Resident_Evil_4,8.00,36603,6053
1196590,Resident Evil Village,1196590_Resident Evil Village.txt,existing,Resident Evil Village,,,36361,5917
1238860,Battlefield 4,1238860_Battlefield 4.txt,existing,Battlefield 4,,,35677,5809
1401590,Disney Dreamlight Valley,1401590_Disney Dreamlight Valley.txt,ok,Disney Dreamlight Valley,https://en.wikipedia.org/wiki/Disney_Dreamlight_Valley,8.00,35482,5784
2058190,Lost Judgment,2058190_Lost Judgment.txt,ok,Lost Judgment,https://en.wikipedia.org/wiki/Lost_Judgment,8.00,34806,5642
1671200,Honkai Impact 3rd,1671200_Honkai Impact 3rd.txt,ok,Honkai Impact 3rd,https://en.wikipedia.org/wiki/Honkai_Impact_3rd,8.00,34548,5466
578650,The Outer Worlds,578650_The Outer Worlds.txt,ok,The Outer Worlds,https://en.wikipedia.org/wiki/The_Outer_Worlds,8.00,34512,5498
1238060,Dead Space 3,1238060_Dead Space 3.txt,existing,Dead Space 3,,,34511,5467
782330,DOOM Eternal,782330_DOOM Eternal.txt,ok,Doom Eternal,https://en.wikipedia.org/wiki/Doom_Eternal,8.00,33472,5406
2161700,Persona 3 Reload,2161700_Persona 3 Reload.txt,ok,Persona 3 Reload,https://en.wikipedia.org/wiki/Persona_3_Reload,8.00,33310,5298
2058180,Judgment,2058180_Judgment.txt,ok,Judgment (video game),https://en.wikipedia.org/wiki/Judgment_(video_game),6.56,33234,5247
1954200,Kena: Bridge of Spirits,1954200_Kena - Bridge of Spirits.txt,ok,Kena: Bridge of Spirits,https://en.wikipedia.org/wiki/Kena:_Bridge_of_Spirits,8.00,32801,5256
2358720,Black Myth: Wukong,2358720_Black Myth - Wukong.txt,ok,Black Myth: Wukong,https://en.wikipedia.org/wiki/Black_Myth:_Wukong,8.00,32333,5237
990080,Hogwarts Legacy,990080_Hogwarts Legacy.txt,ok,Hogwarts Legacy,https://en.wikipedia.org/wiki/Hogwarts_Legacy,8.00,32199,4990
2172010,Until Dawn,2172010_Until Dawn.txt,ok,Until Dawn,https://en.wikipedia.org/wiki/Until_Dawn,8.00,31791,5059
753640,Outer Wilds,753640_Outer Wilds.txt,ok,Outer Wilds,https://en.wikipedia.org/wiki/Outer_Wilds,8.00,31547,5287
607080,Psychonauts 2,607080_Psychonauts 2.txt,ok,Psychonauts 2,https://en.wikipedia.org/wiki/Psychonauts_2,8.00,31438,4949
1693980,Dead Space,1693980_Dead Space.txt,ok,Dead Space,https://en.wikipedia.org/wiki/Dead_Space,8.00,31251,5113
239140,Dying Light,239140_Dying Light.txt,ok,Dying Light,https://en.wikipedia.org/wiki/Dying_Light,8.00,31060,5042
1967430,Ghost Trick: Phantom Detective,1967430_Ghost Trick - Phantom Detective.txt,ok,Ghost Trick: Phantom Detective,https://en.wikipedia.org/wiki/Ghost_Trick:_Phantom_Detective,8.00,30959,4923
2239550,Watch Dogs: Legion,2239550_Watch Dogs - Legion.txt,ok,Watch Dogs: Legion,https://en.wikipedia.org/wiki/Watch_Dogs:_Legion,8.00,30831,4866
482400,System Shock,482400_System Shock.txt,ok,System Shock,https://en.wikipedia.org/wiki/System_Shock,8.00,30031,4812
1845910,Dragon Age: The Veilguard,1845910_Dragon Age - The Veilguard.txt,ok,Dragon Age: The Veilguard,https://en.wikipedia.org/wiki/Dragon_Age:_The_Veilguard,8.00,30027,4738
2679460,Metaphor: ReFantazio,2679460_Metaphor - ReFantazio.txt,ok,Metaphor: ReFantazio,https://en.wikipedia.org/wiki/Metaphor:_ReFantazio,8.00,29839,4718
2231380,Tom Clancy's Ghost Recon Breakpoint,2231380_Tom Clancy's Ghost Recon Breakpoint.txt,ok,Tom Clancy's Ghost Recon Breakpoint,https://en.wikipedia.org/wiki/Tom_Clancy%27s_Ghost_Recon_Breakpoint,8.00,29595,4693
368260,Marvel's Midnight Suns,368260_Marvel's Midnight Suns.txt,ok,Marvel's Midnight Suns,https://en.wikipedia.org/wiki/Marvel%27s_Midnight_Suns,8.00,29466,4691
699130,World War Z,699130_World War Z.txt,ok,World War Z,https://en.wikipedia.org/wiki/World_War_Z,8.00,29169,4676
924980,Trials of Mana,924980_Trials of Mana.txt,ok,Trials of Mana,https://en.wikipedia.org/wiki/Trials_of_Mana,8.00,28624,4813
1404210,Red Dead Online,1404210_Red Dead Online.txt,ok,Red Dead Online,https://en.wikipedia.org/wiki/Red_Dead_Online,8.00,28386,4470
1282690,Crysis 3,1282690_Crysis 3.txt,existing,Crysis 3,,,28102,4604
1172470,Apex Legends,1172470_Apex Legends.txt,existing,Apex Legends,,,27948,4559
1449560,Metro Exodus,1449560_Metro Exodus.txt,ok,Metro Exodus,https://en.wikipedia.org/wiki/Metro_Exodus,8.00,27704,4486
397540,Borderlands 3,397540_Borderlands 3.txt,ok,Borderlands 3,https://en.wikipedia.org/wiki/Borderlands_3,8.00,27669,4495
934700,Dead Island 2,934700_Dead Island 2.txt,ok,Dead Island 2,https://en.wikipedia.org/wiki/Dead_Island_2,8.00,27534,4465
1088850,Marvel's Guardians of the Galaxy,1088850_Marvel's Guardians of the Galaxy.txt,existing,Marvel's Guardians of the Galaxy,,,27165,4304
1167630,Teardown,1167630_Teardown.txt,existing,Teardown (video game),,,27062,4212
1237320,Sonic Frontiers,1237320_Sonic Frontiers.txt,existing,Sonic Frontiers,,,27034,4297
1627720,Lies of P,1627720_Lies of P.txt,ok,Lies of P,https://en.wikipedia.org/wiki/Lies_of_P,8.00,26136,4213
839770,Phoenix Point,839770_Phoenix Point.txt,ok,Phoenix Point,https://en.wikipedia.org/wiki/Phoenix_Point,8.00,26117,4165
1259420,Days Gone,1259420_Days Gone.txt,existing,Days Gone,,,26105,4221
1222670,The Sims 4,1222670_The Sims 4.txt,existing,The Sims 4,,,25727,4016
1888930,The Last of Us Part I,1888930_The Last of Us Part I.txt,ok,The Last of Us Part I,https://en.wikipedia.org/wiki/The_Last_of_Us_Part_I,8.00,25543,3910
742420,Saints Row,742420_Saints Row.txt,ok,Saints Row,https://en.wikipedia.org/wiki/Saints_Row,8.00,25322,4238
2751000,Prince of Persia The Lost Crown,2751000_Prince of Persia The Lost Crown.txt,ok,Prince of Persia: The Lost Crown,https://en.wikipedia.org/wiki/Prince_of_Persia:_The_Lost_Crown,8.00,25001,4014
1238820,Battlefield 3,1238820_Battlefield 3.txt,existing,Battlefield 3,,,24718,4065
1281590,The Dark Pictures Anthology: House of Ashes,1281590_The Dark Pictures Anthology - House of Ashes.txt,existing,The Dark Pictures Anthology: House of Ashes,,,24644,3936
574980,Them's Fightin' Herds,574980_Them's Fightin' Herds.txt,ok,Them's Fightin' Herds,https://en.wikipedia.org/wiki/Them%27s_Fightin%27_Herds,8.00,24435,4053
1985810,Call of Duty: Black Ops Cold War,1985810_Call of Duty - Black Ops Cold War.txt,ok,Call of Duty: Black Ops Cold War,https://en.wikipedia.org/wiki/Call_of_Duty:_Black_Ops_Cold_War,8.00,23511,3809
315210,Suicide Squad: Kill the Justice League,315210_Suicide Squad - Kill the Justice League.txt,ok,Suicide Squad: Kill the Justice League,https://en.wikipedia.org/wiki/Suicide_Squad:_Kill_the_Justice_League,8.00,23411,3758
1343400,RuneScape,1343400_RuneScape.txt,ok,RuneScape,https://en.wikipedia.org/wiki/RuneScape,8.00,23374,3631
546560,Half-Life: Alyx,546560_Half-Life - Alyx.txt,ok,Half-Life: Alyx,https://en.wikipedia.org/wiki/Half-Life:_Alyx,8.00,23043,3796
1240440,Halo Infinite,1240440_Halo Infinite.txt,existing,Halo Infinite,,,23038,3694
1934680,Age of Mythology: Retold,1934680_Age of Mythology - Retold.txt,ok,Age of Mythology: Retold,https://en.wikipedia.org/wiki/Age_of_Mythology:_Retold,8.00,22926,3752
668580,Atomic Heart,668580_Atomic Heart.txt,ok,Atomic Heart,https://en.wikipedia.org/wiki/Atomic_Heart,8.00,22745,3563
471710,Rec Room,471710_Rec Room.txt,ok,Rec Room (video game),https://en.wikipedia.org/wiki/Rec_Room_(video_game),6.56,22707,3820
1235140,Yakuza: Like a Dragon,1235140_Yakuza - Like a Dragon.txt,existing,Yakuza: Like a Dragon,,,22651,3646
1097150,Fall Guys,1097150_Fall Guys.txt,existing,Fall Guys,,,22387,3649
739630,Phasmophobia,739630_Phasmophobia.txt,ok,Phasmophobia (video game),https://en.wikipedia.org/wiki/Phasmophobia_(video_game),7.11,22305,3711
1238880,Battlefield Hardline,1238880_Battlefield Hardline.txt,existing,Battlefield Hardline,,,22166,3650
1712350,Riven,1712350_Riven.txt,ok,Riven,https://en.wikipedia.org/wiki/Riven,8.00,22107,3609
362890,Black Mesa,362890_Black Mesa.txt,ok,Black Mesa (video game),https://en.wikipedia.org/wiki/Black_Mesa_(video_game),6.87,21727,3613
2072450,Like a Dragon: Infinite Wealth,2072450_Like a Dragon - Infinite Wealth.txt,ok,Like a Dragon: Infinite Wealth,https://en.wikipedia.org/wiki/Like_a_Dragon:_Infinite_Wealth,8.00,21353,3385
2379780,Balatro,2379780_Balatro.txt,ok,Balatro,https://en.wikipedia.org/wiki/Balatro,8.00,21232,3471
1225590,Sea of Solitude,1225590_Sea of Solitude.txt,existing,Sea of Solitude,,,21158,3317
2231450,Pizza Tower,2231450_Pizza Tower.txt,ok,Pizza Tower,https://en.wikipedia.org/wiki/Pizza_Tower,8.00,20736,3350
1145360,Hades,1145360_Hades.txt,existing,Hades (video game),,,20693,3392
1364780,Street Fighter 6,1364780_Street Fighter 6.txt,ok,Street Fighter 6,https://en.wikipedia.org/wiki/Street_Fighter_6,8.00,20674,3359
1602010,Persona 4 Arena Ultimax,1602010_Persona 4 Arena Ultimax.txt,ok,Persona 4 Arena Ultimax,https://en.wikipedia.org/wiki/Persona_4_Arena_Ultimax,8.00,20640,3332
1971870,Mortal Kombat 1,1971870_Mortal Kombat 1.txt,ok,Mortal Kombat 1,https://en.wikipedia.org/wiki/Mortal_Kombat_1,8.00,20593,3324
1194630,The Dark Pictures Anthology: Little Hope,1194630_The Dark Pictures Anthology - Little Hope.txt,existing,The Dark Pictures Anthology: Little Hope,,,20446,3059
1244090,Sea of Stars,1244090_Sea of Stars.txt,existing,Sea of Stars,,,20301,3324
2369390,Far Cry 6,2369390_Far Cry 6.txt,ok,Far Cry 6,https://en.wikipedia.org/wiki/Far_Cry_6,8.00,20217,3289
1895880,Ratchet & Clank: Rift Apart,1895880_Ratchet & Clank - Rift Apart.txt,ok,Ratchet & Clank: Rift Apart,https://en.wikipedia.org/wiki/Ratchet_%26_Clank:_Rift_Apart,8.00,19733,3205
1238810,Battlefield V,1238810_Battlefield V.txt,existing,Battlefield V,,,19700,3229
960990,Beyond: Two Souls,960990_Beyond - Two Souls.txt,ok,Beyond: Two Souls,https://en.wikipedia.org/wiki/Beyond:_Two_Souls,8.00,19617,3169
1144200,Ready or Not,1144200_Ready or Not.txt,existing,Ready or Not (video game),,,19592,3154
1222140,Detroit: Become Human,1222140_Detroit - Become Human.txt,existing,Detroit: Become Human,,,19542,3086
1420290,No More Heroes,1420290_No More Heroes.txt,ok,No More Heroes (video game),https://en.wikipedia.org/wiki/No_More_Heroes_(video_game),7.31,19435,3238
648800,Raft,648800_Raft.txt,ok,Raft (video game),https://en.wikipedia.org/wiki/Raft_(video_game),5.53,19373,3151
1567020,The Dark Pictures Anthology: The Devil in Me,1567020_The Dark Pictures Anthology - The Devil in Me.txt,ok,The Dark Pictures Anthology: The Devil in Me,https://en.wikipedia.org/wiki/The_Dark_Pictures_Anthology:_The_Devil_in_Me,8.00,19172,2921
2344520,Diablo IV,2344520_Diablo IV.txt,ok,Diablo IV,https://en.wikipedia.org/wiki/Diablo_IV,8.00,19096,3030
960910,Heavy Rain,960910_Heavy Rain.txt,ok,Heavy Rain,https://en.wikipedia.org/wiki/Heavy_Rain,8.00,18909,3098
427410,Abiotic Factor,427410_Abiotic Factor.txt,ok,Abiotic Factor,https://en.wikipedia.org/wiki/Abiotic_Factor,8.00,18777,2940
1517290,Battlefield 2042,1517290_Battlefield 2042.txt,ok,Battlefield 2042,https://en.wikipedia.org/wiki/Battlefield_2042,8.00,18727,2961
1805480,Like a Dragon: Ishin!,1805480_Like a Dragon - Ishin!.txt,ok,Like a Dragon: Ishin!,https://en.wikipedia.org/wiki/Like_a_Dragon:_Ishin!,8.00,18616,2962
1057090,Ori and the Will of the Wisps,1057090_Ori and the Will of the Wisps.txt,existing,Ori and the Will of the Wisps,,,18539,3143
1092790,Inscryption,1092790_Inscryption.txt,existing,Inscryption,,,18532,3097
